{"cameraMode":{"drawMode":0,"name":"Shaded","section":"Shading Mode"},"sceneLighting":true,"audioPlay":false,"sceneViewState":{"m_AlwaysRefresh":false,"showFog":true,"showSkybox":true,"showFlares":true,"showImageEffects":true,"showParticleSystems":true,"showVisualEffectGraphs":true,"m_FxEnabled":true},"in2DMode":false,"pivot":{"x":17.404319763183595,"y":-5.035792827606201,"z":7.7367658615112309},"rotation":{"x":0.27714815735816958,"y":0.12978869676589967,"z":-0.037813253700733188,"w":0.9512713551521301},"size":22.553508758544923,"orthographic":false}