{"cameraMode":{"drawMode":0,"name":"Shaded","section":"Shading Mode"},"sceneLighting":true,"audioPlay":false,"sceneViewState":{"m_AlwaysRefresh":false,"showFog":true,"showSkybox":true,"showFlares":true,"showImageEffects":true,"showParticleSystems":true,"showVisualEffectGraphs":true,"m_FxEnabled":true},"in2DMode":false,"pivot":{"x":20.8111572265625,"y":2.6971137523651125,"z":0.30707693099975588},"rotation":{"x":0.17733906209468842,"y":0.1089945062994957,"z":-0.019764401018619539,"w":0.9778940081596375},"size":16.97825813293457,"orthographic":true}