{"cameraMode":{"drawMode":0,"name":"Shaded","section":"Shading Mode"},"sceneLighting":true,"audioPlay":false,"sceneViewState":{"m_AlwaysRefresh":false,"showFog":true,"showSkybox":true,"showFlares":true,"showImageEffects":true,"showParticleSystems":true,"showVisualEffectGraphs":true,"m_FxEnabled":true},"in2DMode":false,"pivot":{"x":13.338263511657715,"y":-35.415992736816409,"z":17.093368530273439},"rotation":{"x":-0.5510749220848084,"y":0.04028686136007309,"z":-0.026636900380253793,"w":-0.8330852389335632},"size":36.67703628540039,"orthographic":false}