{"cameraMode":{"drawMode":0,"name":"Shaded","section":"Shading Mode"},"sceneLighting":true,"audioPlay":false,"sceneViewState":{"m_AlwaysRefresh":false,"showFog":true,"showSkybox":true,"showFlares":true,"showImageEffects":true,"showParticleSystems":true,"showVisualEffectGraphs":true,"m_FxEnabled":true},"in2DMode":false,"pivot":{"x":20.837095260620118,"y":5.289809226989746,"z":4.14070463180542},"rotation":{"x":-0.24557478725910188,"y":0.046815384179353717,"z":-0.011868361383676529,"w":-0.9681790471076965},"size":18.519447326660158,"orthographic":true}