{"cameraMode":{"drawMode":0,"name":"Shaded","section":"Shading Mode"},"sceneLighting":true,"audioPlay":false,"sceneViewState":{"m_AlwaysRefresh":false,"showFog":true,"showSkybox":true,"showFlares":true,"showImageEffects":true,"showParticleSystems":true,"showVisualEffectGraphs":true,"m_FxEnabled":true},"in2DMode":false,"pivot":{"x":5.368533611297607,"y":2.0196619033813478,"z":-6.2719902992248539},"rotation":{"x":0.24984149634838105,"y":0.024397961795330049,"z":-0.006297470536082983,"w":0.9679607152938843},"size":12.777166366577149,"orthographic":false}