{"cameraMode":{"drawMode":0,"name":"Shaded","section":"Shading Mode"},"sceneLighting":false,"audioPlay":false,"sceneViewState":{"m_AlwaysRefresh":false,"showFog":true,"showSkybox":false,"showFlares":true,"showImageEffects":true,"showParticleSystems":true,"showVisualEffectGraphs":true,"m_FxEnabled":true},"in2DMode":false,"pivot":{"x":0.0007695555686950684,"y":1.0099999904632569,"z":2.2673444747924806},"rotation":{"x":0.3580603301525116,"y":0.07690386474132538,"z":-0.02960696816444397,"w":0.9300520420074463},"size":1.49593186378479,"orthographic":true}